{"cameraMode":{"drawMode":0,"name":"Shaded","section":"Shading Mode"},"sceneLighting":false,"audioPlay":false,"sceneViewState":{"showFog":true,"showMaterialUpdate":false,"showSkybox":true,"showFlares":true,"showImageEffects":true,"showParticleSystems":true},"in2DMode":false,"pivot":{"x":381.16436767578127,"y":249.05020141601563,"z":0.1239013671875},"rotation":{"x":0.02818434126675129,"y":-0.012897194363176823,"z":-0.0003634439781308174,"w":-0.9995222687721252},"size":1515.095703125,"orthographic":false}